{
  "best_config": {
    "units": 500,
    "epochs": 100,
    "lr": 0.001,
    "b_step": 15
  },
  "Model_evaluation": [
    0.001028,
    0.001064,
    0.001069
  ],
  "Final_retrain": [
    0.001049,
    0.001071
  ]
}