{
  "best_config": {
    "units": 500,
    "epochs": 100,
    "lr": 0.003,
    "b_step": 10
  },
  "Model_evaluation": [
    0.000113,
    0.000109,
    0.000112
  ],
  "Final_retrain": [
    0.000235,
    0.000235
  ]
}