{
  "NARMA": {
    "best_config": {
      "units": 20,
      "epochs": 100,
      "lr": 0.005,
      "b_step": 12
    },
    "Model_evaluation": [
      0.001048,
      0.00107,
      0.00108
    ],
    "Final_retrain": [
      0.00287,
      0.002767
    ]
  },
  "MG17": {
    "best_config": {
      "units": 500,
      "epochs": 100,
      "lr": 0.003,
      "b_step": 12
    },
    "Model_evaluation": [
      0.000129,
      0.000123,
      0.000126
    ],
    "Final_retrain": [
      0.000311,
      0.000311
    ]
  }
}